Time [s],MOSI,MISO
0.184762917, 0x00, 0xA4
0.184818167, 0x00, 0x03
0.184875583, 0x00, 0x40
0.184934917, 0x00, 0x00
0.184994333, 0x00, 0x01
0.185066917, 0x00, 0x03
0.185126167, 0x00, 0xE5
0.185857083, 0x00, 0xA4
0.185912167, 0x00, 0x09
0.185969583, 0x00, 0x4E
0.186029, 0x00, 0x00
0.186088333, 0x00, 0x80
0.186147667, 0x00, 0xFF
0.186207, 0x00, 0xFF
0.186266417, 0x00, 0xFF
0.186325833, 0x00, 0xFF
0.186385167, 0x00, 0xFF
0.186575167, 0x00, 0xFF
0.1866345, 0x00, 0xFF
0.18669375, 0x00, 0x9C
0.191992667, 0x00, 0xA5
0.192115083, 0x09, 0xFF
0.1921785, 0x4E, 0xFF
0.192244917, 0x00, 0xFF
0.192311417, 0x00, 0xFF
0.192377833, 0xF7, 0xFF
0.19244425, 0x01, 0xFF
0.19251075, 0x09, 0xFF
0.192577417, 0x64, 0xFF
0.1926445, 0x00, 0xFF
0.1927115, 0xFF, 0xFF
0.1927785, 0xFF, 0xFF
0.192846667, 0x79, 0xFF
0.435017333, 0x00, 0xA4
0.435072583, 0x00, 0x03
0.435129917, 0x00, 0x40
0.435189333, 0x00, 0x00
0.43524875, 0x00, 0x01
0.435320833, 0x00, 0x03
0.435380083, 0x00, 0xE5
0.436111, 0x00, 0xA4
0.436166083, 0x00, 0x09
0.4362235, 0x00, 0x4E
0.436282917, 0x00, 0x00
0.43634225, 0x00, 0x80
0.436401583, 0x00, 0xFF
0.436460917, 0x00, 0xFF
0.436520333, 0x00, 0xFF
0.43657975, 0x00, 0xFF
0.436639083, 0x00, 0xFF
0.436829, 0x00, 0xFF
0.436888417, 0x00, 0xFF
0.436947667, 0x00, 0x9C
0.442247, 0x00, 0xA5
0.4423695, 0x09, 0xFF
0.442432833, 0x4E, 0xFF
0.44249925, 0x00, 0xFF
0.44256575, 0x00, 0xFF
0.442632167, 0xF7, 0xFF
0.442698583, 0x01, 0xFF
0.442765083, 0x09, 0xFF
0.442831833, 0x64, 0xFF
0.442898833, 0x00, 0xFF
0.442965833, 0xFF, 0xFF
0.443032833, 0xFF, 0xFF
0.443101, 0x79, 0xFF
0.685271583, 0x00, 0xA4
0.685326833, 0x00, 0x03
0.68538425, 0x00, 0x40
0.685443583, 0x00, 0x00
0.685503, 0x00, 0x01
0.685575667, 0x00, 0x03
0.685635, 0x00, 0xE5
0.686365833, 0x00, 0xA4
0.686421, 0x00, 0x09
0.686478417, 0x00, 0x4E
0.68653775, 0x00, 0x00
0.686597167, 0x00, 0x80
0.686656417, 0x00, 0xFF
0.686715833, 0x00, 0xFF
0.68677525, 0x00, 0xFF
0.686834583, 0x00, 0xFF
0.686894, 0x00, 0xFF
0.687083917, 0x00, 0xFF
0.687143333, 0x00, 0xFF
0.687202583, 0x00, 0x9C
0.692501417, 0x00, 0xA5
0.692623833, 0x09, 0xFF
0.69268725, 0x4E, 0xFF
0.692753667, 0x00, 0xFF
0.692820083, 0x00, 0xFF
0.692886583, 0xF7, 0xFF
0.692953, 0x01, 0xFF
0.6930195, 0x09, 0xFF
0.693086167, 0x64, 0xFF
0.693153167, 0x00, 0xFF
0.69322025, 0xFF, 0xFF
0.69328725, 0xFF, 0xFF
0.693355417, 0x79, 0xFF
0.935526, 0x00, 0xA4
0.935581333, 0x00, 0x03
0.935638667, 0x00, 0x40
0.935698083, 0x00, 0x00
0.9357575, 0x00, 0x01
0.935829583, 0x00, 0x03
0.935888833, 0x00, 0xE5
0.936619583, 0x00, 0xA4
0.93667475, 0x00, 0x09
0.936732083, 0x00, 0x4E
0.9367915, 0x00, 0x00
0.936850917, 0x00, 0x80
0.936910167, 0x00, 0xFF
0.936969583, 0x00, 0xFF
0.937028917, 0x00, 0xFF
0.937088333, 0x00, 0xFF
0.93714775, 0x00, 0xFF
0.937337667, 0x00, 0xFF
0.937397, 0x00, 0xFF
0.937456333, 0x00, 0x9C
0.94275575, 0x00, 0xA5
0.94287825, 0x09, 0xFF
0.942941583, 0x4E, 0xFF
0.943008083, 0x00, 0xFF
0.9430745, 0x00, 0xFF
0.943141, 0xF7, 0xFF
0.943207417, 0x01, 0xFF
0.943273833, 0x09, 0xFF
0.943340583, 0x64, 0xFF
0.943407583, 0x00, 0xFF
0.943474667, 0xFF, 0xFF
0.943541667, 0xFF, 0xFF
0.94360975, 0x79, 0xFF
1.185780333, 0x00, 0xA4
1.185835667, 0x00, 0x03
1.185893, 0x00, 0x40
1.185952417, 0x00, 0x00
1.186011833, 0x00, 0x01
1.186084417, 0x00, 0x03
1.186143667, 0x00, 0xE5
1.1868745, 0x00, 0xA4
1.186929667, 0x00, 0x09
1.186987083, 0x00, 0x4E
1.1870465, 0x00, 0x00
1.187105833, 0x00, 0x80
1.187165083, 0x00, 0xFF
1.1872245, 0x00, 0xFF
1.187283917, 0x00, 0xFF
1.187343333, 0x00, 0xFF
1.187402667, 0x00, 0xFF
1.187592583, 0x00, 0xFF
1.187652, 0x00, 0xFF
1.18771125, 0x00, 0x9C
1.193010083, 0x00, 0xA5
1.193132583, 0x09, 0xFF
1.193196, 0x4E, 0xFF
1.193262417, 0x00, 0xFF
1.193328833, 0x00, 0xFF
1.193395333, 0xF7, 0xFF
1.19346175, 0x01, 0xFF
1.19352825, 0x09, 0xFF
1.193594917, 0x64, 0xFF
1.193661917, 0x00, 0xFF
1.193729, 0xFF, 0xFF
1.193796, 0xFF, 0xFF
1.193864167, 0x79, 0xFF
1.436034333, 0x00, 0xA4
1.436089583, 0x00, 0x03
1.436147, 0x00, 0x40
1.436206417, 0x00, 0x00
1.43626575, 0x00, 0x01
1.436337917, 0x00, 0x03
1.436397167, 0x00, 0xE5
1.437128, 0x00, 0xA4
1.437183167, 0x00, 0x09
1.437240583, 0x00, 0x4E
1.437299917, 0x00, 0x00
1.437359333, 0x00, 0x80
1.437418583, 0x00, 0xFF
1.437477833, 0x00, 0xFF
1.43753725, 0x00, 0xFF
1.437596667, 0x00, 0xFF
1.437656, 0x00, 0xFF
1.437845917, 0x00, 0xFF
1.437905333, 0x00, 0xFF
1.437964583, 0x00, 0x9C
1.4432645, 0x00, 0xA5
1.443387, 0x09, 0xFF
1.443450333, 0x4E, 0xFF
1.44351675, 0x00, 0xFF
1.44358325, 0x00, 0xFF
1.443649667, 0xF7, 0xFF
1.443716167, 0x01, 0xFF
1.443782583, 0x09, 0xFF
1.443849333, 0x64, 0xFF
1.443916333, 0x00, 0xFF
1.443983417, 0xFF, 0xFF
1.444050417, 0xFF, 0xFF
1.4441185, 0x79, 0xFF
1.686288833, 0x00, 0xA4
1.686344083, 0x00, 0x03
1.6864015, 0x00, 0x40
1.686460917, 0x00, 0x00
1.68652025, 0x00, 0x01
1.686592833, 0x00, 0x03
1.686652083, 0x00, 0xE5
1.687382917, 0x00, 0xA4
1.68743825, 0x00, 0x09
1.687495583, 0x00, 0x4E
1.687555, 0x00, 0x00
1.687614417, 0x00, 0x80
1.687673667, 0x00, 0xFF
1.687733083, 0x00, 0xFF
1.687792417, 0x00, 0xFF
1.687851833, 0x00, 0xFF
1.68791125, 0x00, 0xFF
1.688101167, 0x00, 0xFF
1.6881605, 0x00, 0xFF
1.688219833, 0x00, 0x9C
1.693518917, 0x00, 0xA5
1.693641417, 0x09, 0xFF
1.69370475, 0x4E, 0xFF
1.693771167, 0x00, 0xFF
1.693837667, 0x00, 0xFF
1.693904083, 0xF7, 0xFF
1.693970583, 0x01, 0xFF
1.694037, 0x09, 0xFF
1.69410375, 0x64, 0xFF
1.69417075, 0x00, 0xFF
1.69423775, 0xFF, 0xFF
1.69430475, 0xFF, 0xFF
1.694372917, 0x79, 0xFF
1.936543667, 0x00, 0xA4
1.936598917, 0x00, 0x03
1.936656333, 0x00, 0x40
1.936715667, 0x00, 0x00
1.936775083, 0x00, 0x01
1.93684775, 0x00, 0x03
1.936907083, 0x00, 0xE5
1.937637833, 0x00, 0xA4
1.937692917, 0x00, 0x09
1.937750333, 0x00, 0x4E
1.93780975, 0x00, 0x00
1.937869167, 0x00, 0x80
1.937928417, 0x00, 0xFF
1.93798775, 0x00, 0xFF
1.938047167, 0x00, 0xFF
1.938106583, 0x00, 0xFF
1.938165917, 0x00, 0xFF
1.938355917, 0x00, 0xFF
1.93841525, 0x00, 0xFF
1.9384745, 0x00, 0x9C
1.94377325, 0x00, 0xA5
1.94389575, 0x09, 0xFF
1.943959083, 0x4E, 0xFF
1.944025583, 0x00, 0xFF
1.944092, 0x00, 0xFF
1.944158417, 0xF7, 0xFF
1.944224917, 0x01, 0xFF
1.944291333, 0x09, 0xFF
1.944358083, 0x64, 0xFF
1.944425083, 0x00, 0xFF
1.944492083, 0xFF, 0xFF
1.944559167, 0xFF, 0xFF
1.94462725, 0x79, 0xFF
2.186798, 0x00, 0xA4
2.18685325, 0x00, 0x03
2.186910667, 0x00, 0x40
2.18697, 0x00, 0x00
2.187029417, 0x00, 0x01
2.187101583, 0x00, 0x03
2.187160833, 0x00, 0xE5
2.18789175, 0x00, 0xA4
2.187947, 0x00, 0x09
2.188004333, 0x00, 0x4E
2.18806375, 0x00, 0x00
2.188123167, 0x00, 0x80
2.188182417, 0x00, 0xFF
2.188241833, 0x00, 0xFF
2.188301167, 0x00, 0xFF
2.188360583, 0x00, 0xFF
2.18842, 0x00, 0xFF
2.188609917, 0x00, 0xFF
2.188669333, 0x00, 0xFF
2.188728583, 0x00, 0x9C
2.194027667, 0x00, 0xA5
2.194150167, 0x09, 0xFF
2.1942135, 0x4E, 0xFF
2.194279917, 0x00, 0xFF
2.194346417, 0x00, 0xFF
2.194412833, 0xF7, 0xFF
2.194479333, 0x01, 0xFF
2.19454575, 0x09, 0xFF
2.1946125, 0x64, 0xFF
2.1946795, 0x00, 0xFF
2.1947465, 0xFF, 0xFF
2.1948135, 0xFF, 0xFF
2.194881667, 0x79, 0xFF
2.432447833, 0x00, 0xA4
2.432503083, 0x00, 0x03
2.4325605, 0x00, 0x40
2.432619917, 0x00, 0x00
2.43268625, 0x00, 0x01
2.432745583, 0x00, 0x03
2.432804833, 0x00, 0xE5
2.43455025, 0x00, 0xA5
2.434622333, 0x09, 0xFF
2.434688833, 0x4E, 0xFF
2.43474675, 0x00, 0xFF
2.434804583, 0x00, 0xFF
2.4348625, 0xF4, 0xFF
2.434920417, 0x01, 0xFF
2.435036167, 0x09, 0xFF
2.435094083, 0x64, 0xFF
2.435151917, 0x00, 0xFF
2.435209833, 0xFF, 0xFF
2.43526775, 0xFF, 0xFF
2.43532675, 0x7A, 0xFF
2.4368155, 0x00, 0xA4
2.43687075, 0x00, 0x09
2.436928167, 0x00, 0x4E
2.436987583, 0x00, 0x00
2.437047, 0x00, 0x80
2.437106333, 0x00, 0xFF
2.437165583, 0x00, 0xFF
2.437225, 0x00, 0xFF
2.437284417, 0x00, 0xFF
2.437343667, 0x00, 0xFF
2.437403083, 0x00, 0xFF
2.437462417, 0x00, 0xFF
2.43752175, 0x00, 0x9C
2.438919833, 0x00, 0xA5
2.438991583, 0x09, 0xFF
2.439046417, 0x4E, 0xFF
2.43910425, 0x00, 0xFF
2.439335917, 0x00, 0xFF
2.439393833, 0xF4, 0xFF
2.43945175, 0x01, 0xFF
2.439509667, 0x09, 0xFF
2.440231917, 0x64, 0xFF
2.440299, 0x00, 0xFF
2.440366, 0xFF, 0xFF
2.440433, 0xFF, 0xFF
2.440501167, 0x7A, 0xFF
2.441884083, 0x00, 0xA5
2.442005667, 0x09, 0xFF
2.442069, 0x4E, 0xFF
2.442135417, 0x00, 0xFF
2.442201833, 0x00, 0xFF
2.442268333, 0xF4, 0xFF
2.44233475, 0x01, 0xFF
2.44240125, 0x09, 0xFF
2.442467917, 0x64, 0xFF
2.442534917, 0x00, 0xFF
2.442602, 0xFF, 0xFF
2.442669083, 0xFF, 0xFF
2.442737167, 0x7A, 0xFF
2.682641, 0x00, 0xA4
2.68271, 0x00, 0x03
2.682767417, 0x00, 0x40
2.68282675, 0x00, 0x00
2.682886167, 0x00, 0x01
2.682945417, 0x00, 0x03
2.683004667, 0x00, 0xE5
2.684652417, 0x00, 0xA5
2.684805, 0x09, 0xFF
2.684859667, 0x4E, 0xFF
2.6849175, 0x00, 0xFF
2.684975417, 0x00, 0xFF
2.685033333, 0xF6, 0xFF
2.685091167, 0x01, 0xFF
2.685149083, 0x09, 0xFF
2.6852695, 0x64, 0xFF
2.685327417, 0x00, 0xFF
2.68538525, 0xFF, 0xFF
2.685443167, 0xFF, 0xFF
2.685502167, 0x78, 0xFF
2.686853167, 0x00, 0xA5
2.6869255, 0x09, 0xFF
2.686980167, 0x4E, 0xFF
2.687038, 0x00, 0xFF
2.687095917, 0x00, 0xFF
2.687153833, 0xF6, 0xFF
2.68721175, 0x01, 0xFF
2.687269583, 0x09, 0xFF
2.6873275, 0x64, 0xFF
2.687385417, 0x00, 0xFF
2.68744325, 0xFF, 0xFF
2.687501167, 0xFF, 0xFF
2.687560167, 0x78, 0xFF
2.688254833, 0x00, 0xA4
2.688310167, 0x00, 0x09
2.688425417, 0x00, 0x4E
2.688484833, 0x00, 0x00
2.688544167, 0x00, 0x80
2.6886035, 0x00, 0xFF
2.688662833, 0x00, 0xFF
2.688736583, 0x00, 0xFF
2.688795917, 0x00, 0xFF
2.688855333, 0x00, 0xFF
2.68891475, 0x00, 0xFF
2.688974167, 0x00, 0xFF
2.689144333, 0x00, 0x9C
2.690475667, 0x00, 0xA5
2.690598667, 0x09, 0xFF
2.690662, 0x4E, 0xFF
2.6907285, 0x00, 0xFF
2.690794917, 0x00, 0xFF
2.690861333, 0xF6, 0xFF
2.690927833, 0x01, 0xFF
2.69099425, 0x09, 0xFF
2.691061, 0x64, 0xFF
2.691128, 0x00, 0xFF
2.691195083, 0xFF, 0xFF
2.691262083, 0xFF, 0xFF
2.691330167, 0x78, 0xFF
2.692565667, 0x00, 0xA5
2.692687417, 0x09, 0xFF
2.69275075, 0x4E, 0xFF
2.692817167, 0x00, 0xFF
2.692883667, 0x00, 0xFF
2.692950083, 0xF6, 0xFF
2.693016583, 0x01, 0xFF
2.693083, 0x09, 0xFF
2.693149667, 0x64, 0xFF
2.69321675, 0x00, 0xFF
2.69328375, 0xFF, 0xFF
2.69335075, 0xFF, 0xFF
2.693418917, 0x78, 0xFF
2.933551417, 0x00, 0xA4
2.933606583, 0x00, 0x03
2.933663917, 0x00, 0x40
2.933752667, 0x00, 0x00
2.933812083, 0x00, 0x01
2.933871417, 0x00, 0x03
2.933930667, 0x00, 0xE5
2.935607, 0x00, 0xA5
2.935678917, 0x09, 0xFF
2.935753167, 0x4F, 0xFF
2.935811083, 0x00, 0xFF
2.936018917, 0x04, 0xFF
2.93607675, 0x11, 0xFF
2.936391333, 0x11, 0xFF
2.93644925, 0xF0, 0xFF
2.936507167, 0xF0, 0xFF
2.936724083, 0xFF, 0xFF
2.936782, 0xFF, 0xFF
2.936839833, 0xFF, 0xFF
2.936898917, 0x18, 0xFF
2.9376565, 0x00, 0xA4
2.937711833, 0x00, 0x09
2.937777917, 0x00, 0x4E
2.937837333, 0x00, 0x00
2.93789675, 0x00, 0x80
2.937956083, 0x00, 0xFF
2.9380155, 0x00, 0xFF
2.938074917, 0x00, 0xFF
2.938212083, 0x00, 0xFF
2.938271333, 0x00, 0xFF
2.93833075, 0x00, 0xFF
2.938390083, 0x00, 0xFF
2.938449333, 0x00, 0x9C
3.187352167, 0x00, 0xA4
3.1874075, 0x00, 0x03
3.187464833, 0x00, 0x40
3.18752425, 0x00, 0x00
3.187583667, 0x00, 0x01
3.187642917, 0x00, 0x05
3.187702167, 0x00, 0xE3
3.188632083, 0x00, 0xA5
3.188703917, 0x09, 0xFF
3.188789, 0x4E, 0xFF
3.188846917, 0x00, 0xFF
3.188904833, 0x00, 0xFF
3.188962667, 0xF5, 0xFF
3.189020583, 0x01, 0xFF
3.18914375, 0x09, 0xFF
3.189201667, 0x64, 0xFF
3.1892595, 0x00, 0xFF
3.189317417, 0xFF, 0xFF
3.189375333, 0xFF, 0xFF
3.189434333, 0x7B, 0xFF
3.195716667, 0x00, 0xA4
3.1957805, 0x00, 0x09
3.1958465, 0x00, 0x4E
3.195914417, 0x00, 0x00
3.19598075, 0x00, 0x80
3.196048667, 0x00, 0xFF
3.196116583, 0x00, 0xFF
3.196183333, 0x00, 0xFF
3.196251833, 0x00, 0xFF
3.196318667, 0x00, 0xFF
3.196385583, 0x00, 0xFF
3.196454083, 0x00, 0xFF
3.1965225, 0x00, 0x9C
3.2018525, 0x00, 0xA5
3.201975, 0x09, 0xFF
3.202038333, 0x4E, 0xFF
3.202104833, 0x00, 0xFF
3.20217125, 0x00, 0xFF
3.20223775, 0xF5, 0xFF
3.202304167, 0x01, 0xFF
3.202370583, 0x09, 0xFF
3.202437333, 0x64, 0xFF
3.202504333, 0x00, 0xFF
3.202571333, 0xFF, 0xFF
3.202638333, 0xFF, 0xFF
3.2027065, 0x7B, 0xFF
3.4380695, 0x00, 0xA4
3.43812475, 0x00, 0x03
3.438182167, 0x00, 0x40
3.4382415, 0x00, 0x00
3.438300917, 0x00, 0x01
3.438373333, 0x00, 0x03
3.438432583, 0x00, 0xE5
3.4391635, 0x00, 0xA4
3.43921875, 0x00, 0x09
3.439276083, 0x00, 0x4E
3.4393355, 0x00, 0x00
3.439394917, 0x00, 0x80
3.439454167, 0x00, 0xFF
3.439513583, 0x00, 0xFF
3.439572917, 0x00, 0xFF
3.439632333, 0x00, 0xFF
3.43969175, 0x00, 0xFF
3.439881667, 0x00, 0xFF
3.439941083, 0x00, 0xFF
3.440000333, 0x00, 0x9C
3.4452995, 0x00, 0xA5
3.445421917, 0x09, 0xFF
3.445485333, 0x4E, 0xFF
3.44555175, 0x00, 0xFF
3.44561825, 0x00, 0xFF
3.445684667, 0xF5, 0xFF
3.445751083, 0x01, 0xFF
3.445817583, 0x09, 0xFF
3.445884333, 0x64, 0xFF
3.445951333, 0x00, 0xFF
3.446018333, 0xFF, 0xFF
3.446085333, 0xFF, 0xFF
3.4461535, 0x7B, 0xFF
3.688324083, 0x00, 0xA4
3.688379333, 0x00, 0x03
3.68843675, 0x00, 0x40
3.688496083, 0x00, 0x00
3.6885555, 0x00, 0x01
3.68862825, 0x00, 0x03
3.6886875, 0x00, 0xE5
3.689418333, 0x00, 0xA4
3.6894735, 0x00, 0x09
3.689530917, 0x00, 0x4E
3.68959025, 0x00, 0x00
3.689649667, 0x00, 0x80
3.689708917, 0x00, 0xFF
3.689768333, 0x00, 0xFF
3.68982775, 0x00, 0xFF
3.689887083, 0x00, 0xFF
3.6899465, 0x00, 0xFF
3.690136417, 0x00, 0xFF
3.690195833, 0x00, 0xFF
3.690255083, 0x00, 0x9C
3.695553917, 0x00, 0xA5
3.695676333, 0x09, 0xFF
3.69573975, 0x4E, 0xFF
3.695806167, 0x00, 0xFF
3.695872583, 0x00, 0xFF
3.695939083, 0xF5, 0xFF
3.6960055, 0x01, 0xFF
3.696072, 0x09, 0xFF
3.696138667, 0x64, 0xFF
3.69620575, 0x00, 0xFF
3.69627275, 0xFF, 0xFF
3.69633975, 0xFF, 0xFF
3.696407917, 0x7B, 0xFF
3.938578583, 0x00, 0xA4
3.938633917, 0x00, 0x03
3.93869125, 0x00, 0x40
3.938750667, 0x00, 0x00
3.938810083, 0x00, 0x01
3.938882167, 0x00, 0x03
3.938941417, 0x00, 0xE5
3.939672167, 0x00, 0xA4
3.939727333, 0x00, 0x09
3.939784667, 0x00, 0x4E
3.939844083, 0x00, 0x00
3.9399035, 0x00, 0x80
3.93996275, 0x00, 0xFF
3.940022167, 0x00, 0xFF
3.9400815, 0x00, 0xFF
3.940140917, 0x00, 0xFF
3.940200333, 0x00, 0xFF
3.94039025, 0x00, 0xFF
3.940449667, 0x00, 0xFF
3.940508917, 0x00, 0x9C
3.94580825, 0x00, 0xA5
3.94593075, 0x09, 0xFF
3.945994083, 0x4E, 0xFF
3.9460605, 0x00, 0xFF
3.946127, 0x00, 0xFF
3.946193417, 0xF5, 0xFF
3.946259917, 0x01, 0xFF
3.946326333, 0x09, 0xFF
3.946393083, 0x64, 0xFF
3.946460083, 0x00, 0xFF
3.946527083, 0xFF, 0xFF
3.946594083, 0xFF, 0xFF
3.94666225, 0x7B, 0xFF
4.188833417, 0x00, 0xA4
4.188888667, 0x00, 0x03
4.188946, 0x00, 0x40
4.189005417, 0x00, 0x00
4.189064833, 0x00, 0x01
4.1891375, 0x00, 0x03
4.189196833, 0x00, 0xE5
4.189927667, 0x00, 0xA4
4.189982833, 0x00, 0x09
4.19004025, 0x00, 0x4E
4.190099583, 0x00, 0x00
4.190159, 0x00, 0x80
4.19021825, 0x00, 0xFF
4.190277667, 0x00, 0xFF
4.190337, 0x00, 0xFF
4.190396417, 0x00, 0xFF
4.190455833, 0x00, 0xFF
4.19064575, 0x00, 0xFF
4.190705167, 0x00, 0xFF
4.190764417, 0x00, 0x9C
4.196062583, 0x00, 0xA5
4.196185083, 0x09, 0xFF
4.196248417, 0x4E, 0xFF
4.196314917, 0x00, 0xFF
4.196381333, 0x00, 0xFF
4.19644775, 0xF5, 0xFF
4.19651425, 0x01, 0xFF
4.196580667, 0x09, 0xFF
4.196647417, 0x64, 0xFF
4.196714417, 0x00, 0xFF
4.196781417, 0xFF, 0xFF
4.196848417, 0xFF, 0xFF
4.196916583, 0x7B, 0xFF
4.439087, 0x00, 0xA4
4.43914225, 0x00, 0x03
4.439199667, 0x00, 0x40
4.439259, 0x00, 0x00
4.439318417, 0x00, 0x01
4.439390833, 0x00, 0x03
4.439450083, 0x00, 0xE5
4.440190417, 0x00, 0xA4
4.440245583, 0x00, 0x09
4.440302917, 0x00, 0x4E
4.440386833, 0x00, 0x00
4.44044625, 0x00, 0x80
4.4405055, 0x00, 0xFF
4.44056475, 0x00, 0xFF
4.440624167, 0x00, 0xFF
4.4406835, 0x00, 0xFF
4.440742833, 0x00, 0xFF
4.4409255, 0x00, 0xFF
4.440984833, 0x00, 0xFF
4.441044167, 0x00, 0x9C
4.446317, 0x00, 0xA5
4.446439417, 0x09, 0xFF
4.44650275, 0x4E, 0xFF
4.44656925, 0x00, 0xFF
4.446635667, 0x00, 0xFF
4.446702167, 0xF5, 0xFF
4.446768583, 0x01, 0xFF
4.446835083, 0x09, 0xFF
4.446901833, 0x64, 0xFF
4.446968833, 0x00, 0xFF
4.447035833, 0xFF, 0xFF
4.447102833, 0xFF, 0xFF
4.447171, 0x7B, 0xFF
4.689341333, 0x00, 0xA4
4.689396583, 0x00, 0x03
4.689454, 0x00, 0x40
4.689513417, 0x00, 0x00
4.68957275, 0x00, 0x01
4.689641583, 0x00, 0x03
4.689700917, 0x00, 0xE5
4.690369583, 0x00, 0xA4
4.69046625, 0x00, 0x09
4.690523667, 0x00, 0x4E
4.690583083, 0x00, 0x00
4.690642417, 0x00, 0x80
4.69070175, 0x00, 0xFF
4.690761083, 0x00, 0xFF
4.6908205, 0x00, 0xFF
4.690879917, 0x00, 0xFF
4.69093925, 0x00, 0xFF
4.690998583, 0x00, 0xFF
4.691179833, 0x00, 0xFF
4.691239083, 0x00, 0x9C
4.69654075, 0x00, 0xA5
4.696663417, 0x09, 0xFF
4.69672675, 0x4E, 0xFF
4.696793167, 0x00, 0xFF
4.696859667, 0x00, 0xFF
4.696926083, 0xF5, 0xFF
4.696992583, 0x01, 0xFF
4.697059, 0x09, 0xFF
4.69712575, 0x64, 0xFF
4.69719275, 0x00, 0xFF
4.69725975, 0xFF, 0xFF
4.69732675, 0xFF, 0xFF
4.697394917, 0x7B, 0xFF
4.939596167, 0x00, 0xA4
4.939651417, 0x00, 0x03
4.939708833, 0x00, 0x40
4.939768167, 0x00, 0x00
4.939827583, 0x00, 0x01
4.939899917, 0x00, 0x03
4.939959167, 0x00, 0xE5
4.940689917, 0x00, 0xA4
4.940745083, 0x00, 0x09
4.9408025, 0x00, 0x4E
4.940861833, 0x00, 0x00
4.94092125, 0x00, 0x80
4.9409805, 0x00, 0xFF
4.941039917, 0x00, 0xFF
4.941099333, 0x00, 0xFF
4.941158667, 0x00, 0xFF
4.941218083, 0x00, 0xFF
4.941408, 0x00, 0xFF
4.941467417, 0x00, 0xFF
4.941526667, 0x00, 0x9C
4.94682575, 0x00, 0xA5
4.946948167, 0x09, 0xFF
4.9470115, 0x4E, 0xFF
4.947078, 0x00, 0xFF
4.947144417, 0x00, 0xFF
4.947210833, 0xF5, 0xFF
4.947277333, 0x01, 0xFF
4.94734375, 0x09, 0xFF
4.9474105, 0x64, 0xFF
4.9474775, 0x00, 0xFF
4.9475445, 0xFF, 0xFF
4.9476115, 0xFF, 0xFF
4.947679667, 0x7B, 0xFF
5.1898505, 0x00, 0xA4
5.18990575, 0x00, 0x03
5.189963083, 0x00, 0x40
5.1900225, 0x00, 0x00
5.190081917, 0x00, 0x01
5.190154, 0x00, 0x03
5.19021325, 0x00, 0xE5
5.190944167, 0x00, 0xA4
5.19099925, 0x00, 0x09
5.191056667, 0x00, 0x4E
5.191116083, 0x00, 0x00
5.191175417, 0x00, 0x80
5.19123475, 0x00, 0xFF
5.191294083, 0x00, 0xFF
5.1913535, 0x00, 0xFF
5.191412917, 0x00, 0xFF
5.19147225, 0x00, 0xFF
5.191662167, 0x00, 0xFF
5.191721583, 0x00, 0xFF
5.191780833, 0x00, 0x9C
5.19708, 0x00, 0xA5
5.1972025, 0x09, 0xFF
5.197265917, 0x4E, 0xFF
5.197332333, 0x00, 0xFF
5.19739875, 0x00, 0xFF
5.19746525, 0xF5, 0xFF
5.197531667, 0x01, 0xFF
5.197598167, 0x09, 0xFF
5.197664833, 0x64, 0xFF
5.197731833, 0x00, 0xFF
5.197798833, 0xFF, 0xFF
5.197865917, 0xFF, 0xFF
5.197934, 0x7B, 0xFF
5.440104667, 0x00, 0xA4
5.44016, 0x00, 0x03
5.440217333, 0x00, 0x40
5.44027675, 0x00, 0x00
5.440336167, 0x00, 0x01
5.440408833, 0x00, 0x03
5.440468083, 0x00, 0xE5
5.441199, 0x00, 0xA4
5.441254167, 0x00, 0x09
5.4413115, 0x00, 0x4E
5.441370917, 0x00, 0x00
5.441430333, 0x00, 0x80
5.441489583, 0x00, 0xFF
5.441549, 0x00, 0xFF
5.441608333, 0x00, 0xFF
5.44166775, 0x00, 0xFF
5.441727167, 0x00, 0xFF
5.441917083, 0x00, 0xFF
5.4419765, 0x00, 0xFF
5.44203575, 0x00, 0x9C
5.447334417, 0x00, 0xA5
5.447456917, 0x09, 0xFF
5.44752025, 0x4E, 0xFF
5.447586667, 0x00, 0xFF
5.447653167, 0x00, 0xFF
5.447719583, 0xF5, 0xFF
5.447786083, 0x01, 0xFF
5.4478525, 0x09, 0xFF
5.447919167, 0x64, 0xFF
5.44798625, 0x00, 0xFF
5.44805325, 0xFF, 0xFF
5.44812025, 0xFF, 0xFF
5.448188417, 0x7B, 0xFF
5.690358917, 0x00, 0xA4
5.690414167, 0x00, 0x03
5.690471583, 0x00, 0x40
5.690531, 0x00, 0x00
5.690590333, 0x00, 0x01
5.6906625, 0x00, 0x03
5.69072175, 0x00, 0xE5
5.691452667, 0x00, 0xA4
5.691507917, 0x00, 0x09
5.691565333, 0x00, 0x4E
5.69162475, 0x00, 0x00
5.691684083, 0x00, 0x80
5.691743333, 0x00, 0xFF
5.69180275, 0x00, 0xFF
5.691862167, 0x00, 0xFF
5.691921583, 0x00, 0xFF
5.691980917, 0x00, 0xFF
5.692170833, 0x00, 0xFF
5.69223025, 0x00, 0xFF
5.6922895, 0x00, 0x9C
5.697588833, 0x00, 0xA5
5.69771125, 0x09, 0xFF
5.697774667, 0x4E, 0xFF
5.697841083, 0x00, 0xFF
5.6979075, 0x00, 0xFF
5.697974, 0xF5, 0xFF
5.698040417, 0x01, 0xFF
5.698106917, 0x09, 0xFF
5.698173583, 0x64, 0xFF
5.698240667, 0x00, 0xFF
5.698307667, 0xFF, 0xFF
5.698374667, 0xFF, 0xFF
5.698442833, 0x7B, 0xFF
5.94061325, 0x00, 0xA4
5.9406685, 0x00, 0x03
5.940725917, 0x00, 0x40
5.940785333, 0x00, 0x00
5.94084475, 0x00, 0x01
5.940917333, 0x00, 0x03
5.940976583, 0x00, 0xE5
5.941707417, 0x00, 0xA4
5.941762667, 0x00, 0x09
5.94182, 0x00, 0x4E
5.941879417, 0x00, 0x00
5.941938833, 0x00, 0x80
5.941998083, 0x00, 0xFF
5.9420575, 0x00, 0xFF
5.942116833, 0x00, 0xFF
5.94217625, 0x00, 0xFF
5.942235667, 0x00, 0xFF
5.942425583, 0x00, 0xFF
5.942485, 0x00, 0xFF
5.94254425, 0x00, 0x9C
5.947843167, 0x00, 0xA5
5.947965667, 0x09, 0xFF
5.948029, 0x4E, 0xFF
5.9480955, 0x00, 0xFF
5.948161917, 0x00, 0xFF
5.948228417, 0xF5, 0xFF
5.948294833, 0x01, 0xFF
5.948361333, 0x09, 0xFF
5.948428, 0x64, 0xFF
5.948495083, 0x00, 0xFF
5.948562083, 0xFF, 0xFF
5.948629083, 0xFF, 0xFF
5.94869725, 0x7B, 0xFF
6.190868167, 0x00, 0xA4
6.190923417, 0x00, 0x03
6.190980833, 0x00, 0x40
6.191040167, 0x00, 0x00
6.191099583, 0x00, 0x01
6.191172, 0x00, 0x03
6.191231333, 0x00, 0xE5
6.191962167, 0x00, 0xA4
6.192017333, 0x00, 0x09
6.19207475, 0x00, 0x4E
6.192134083, 0x00, 0x00
6.1921935, 0x00, 0x80
6.19225275, 0x00, 0xFF
6.192312167, 0x00, 0xFF
6.192371583, 0x00, 0xFF
6.192430917, 0x00, 0xFF
6.192490333, 0x00, 0xFF
6.19268025, 0x00, 0xFF
6.192739667, 0x00, 0xFF
6.192798917, 0x00, 0x9C
6.1980975, 0x00, 0xA5
6.19822, 0x09, 0xFF
6.198283417, 0x4E, 0xFF
6.198349833, 0x00, 0xFF
6.19841625, 0x00, 0xFF
6.19848275, 0xF5, 0xFF
6.198549167, 0x01, 0xFF
6.198615667, 0x09, 0xFF
6.198682417, 0x64, 0xFF
6.198749417, 0x00, 0xFF
6.198816417, 0xFF, 0xFF
6.198883417, 0xFF, 0xFF
